date,volume,number,sentences,count,id,likely_pos,sample_type,code
6/8/46,47,23,"evening calls to hospitals - homes - offices by appointment only phones: west 4307 and west 6710 405 baker street, at hayes near s.",22,s10044,FALSE,random,0
1/18/47,48,3,the letter asks that immediate retractions be made in the daily press that accused the pickets of the department store employees of being the perpetrators of this alleged acid spraying crime.,31,s10090,FALSE,random,0
11/15/47,48,46,with this in mind they were very precise in defining and explaining what an urgency measure is not and what it is.,22,s10146,FALSE,random,0
7/10/48,49,28,"that is, it was a hearing in the sense that three officials listened to him.",15,s10337,FALSE,random,0
7/10/48,49,28,"gaffney, assemblyman, 26th district, addressed the delegates and thanked them for their support in the past election.",17,s10399,FALSE,random,0
1/1/49,50,1,"according to the heller committee, a 'healthful and decent standard of living for a worker, his wife and two children requires an income of $78.50 a week.",28,s10440,FALSE,random,0
1/1/49,50,1,"impartial observers at the election were several hens stationed on roosts who clucked occasionally during the balloting.special meeting of lathers n 0.65there will be a special meeting of lathers 65, for the purpose of seeing motion pictures of the trade and a discussion of matters of importance to the trade, to be held wednesday night, january 5, 1949, in the building trades temple, 200 guerrero street, at 8 p.m. sharp, business representative james f.",77,s10482,FALSE,random,0
1/5/51,52,1,labor is ready to go more than half-way with management and farmers to support defense programs. he sai l.,20,s10656,FALSE,random,0
1/5/51,52,1,"join now and g* make your 1951 christmas a prosperous one. g/t federal deposit insurance corporation now insures your deposi/s up to sic,ooo the san francisco bank § savings incorporated feb.",33,s10678,FALSE,random,0
3/2/51,52,9,* ♦ * union stand forces aliens qff work state law forbidding hiring of aliens on public works projects was enforced in the sun jose area last week and two yugoslavian displaced persons were ordered aff a sanitation project by deputy state labor commissioner william j.,43,s10705,TRUE,keyword,1
3/2/51,52,9,* ♦ * union stand forces aliens qff work state law forbidding hiring of aliens on public works projects was enforced in the sun jose area last week and two yugoslavian displaced persons were ordered aff a sanitation project by deputy state labor commissioner william j.,43,s10705,TRUE,keyword,1
3/2/51,52,9,the state anti-alien law also provides a possible fine of $lo a day per man for each alien employed on projects financed by public monies.,26,s10711,TRUE,keyword,1
3/2/51,52,9,the state anti-alien law also provides a possible fine of $lo a day per man for each alien employed on projects financed by public monies.,26,s10711,TRUE,keyword,1
3/2/51,52,9,"(“pat”) brown for an opinion on the case, having testified that they believed the men’s status as displaced persons exempt them from the antialien law.",26,s10712,TRUE,keyword,1
3/2/51,52,9,"(“pat”) brown for an opinion on the case, having testified that they believed the men’s status as displaced persons exempt them from the antialien law.",26,s10712,TRUE,keyword,1
4/13/51,52,15,"this meeting was originally scheduled to be held in reno, nevada, but all reservations were cancelled when the legislature of that state passed a drastic piece of anti-labor legislation.",30,s10825,FALSE,random,0
8/25/58,58,10,"“i recognize that, as an employer representative, it is quite unusual for me to be among those who are opposed to the right-to-work proposal,” he told the teamster lawyers.",31,s10947,FALSE,random,0
11/8/65,65,15,"white also urges union members: “if you do blow up and quit without thinking, do not apply for unemployment insurance.",20,s11283,FALSE,random,0
9/11/67,67,11,"the total package of the bricklayers local no. 7, starting january 1, 1969 will be $7.81.",17,s11480,FALSE,random,0
9/11/67,67,11,"arbitration board chairman, andrew fawver jack kessler dan sweeney william mulkeen, pres.compliments of western pipe & engineering co., inc.",19,s11483,FALSE,random,0
4/13/70,69,25,"the convention was held in san francisco’s civic auditorium, with labor federation president albin gruhn presiding.",17,s11828,FALSE,random,0
4/13/70,69,25,"more than half of sons of solons are deferredof the 234 sons of senators and representatives of draft age since the united states became militarily involved in vietnam, 118 more than half have received deferments, according to the congressional quarterly, which compiled the statistics at therequest of the new republic.",50,s11851,FALSE,random,0
7/13/70,69,31,"* * * bridge & dock builder local 34, federal credit union the credit union lost one of its charter members and boost-ers in the passing of “whitey” shugrue, and all of us in the credit union offer our deepest sympathy to his family.",41,s11880,FALSE,random,0
7/27/70,69,8,"the awards will be made at the regular meeting in september and, incidentally, they are sharp looking tv’s.",19,s11922,FALSE,random,0
3/7/77,21,5,secretary of labor ray marshall is making his first trip to san francisco since his appointment by president carter to attend a meeting of the federal committee on apprenticeship.,29,s12158,FALSE,random,0
12/19/77,21,24,but a simultaneous 6.7 per cent inflation rate wiped out any increase in purchasing power.,16,s12201,FALSE,random,0
3/17/80,80,4,"section eleven-c of the osha law makes it illegal for your employer to do any of the following as punishment for exercising your osha rights: • fire you. • demote you. • assign you to an undesirable job or shift. • take away your seniority. • deny you a promotion. • deny you benefits you’ve earned, such as sick leave or vacation time. • spy on you. • harass you.",64,s12359,TRUE,keyword,0
3/28/83,83,6,"immigration service has found that many of the employees around the country are illegal aliens, but the company bails them out as soon as they are arrested - after all, good labor at starvation wages is hard to find.",38,s12478,TRUE,keyword,1
3/28/83,83,6,"immigration service has found that many of the employees around the country are illegal aliens, but the company bails them out as soon as they are arrested - after all, good labor at starvation wages is hard to find.",38,s12478,TRUE,keyword,1
3/28/83,83,6,"immigration service has found that many of the employees around the country are illegal aliens, but the company bails them out as soon as they are arrested - after all, good labor at starvation wages is hard to find.",38,s12478,TRUE,keyword,1
8/13/84,84,15,robert gilmore of the san mateo building trades council and art santos of plumbers l.u.,16,s12512,FALSE,random,0
9/23/85,85,12,they were on the road for a month and put 3454 miles on the speedometer.,15,s12597,FALSE,random,0
7/14/86,86,12,but the work of the committee goes far beyond its supposedly single-minded fight against “compulsory unionism.”,17,s12671,FALSE,random,0
4/11/88,88,7,"“cal-osha would have had inspectors swarming all over a disaster like that within minutes,” denton continued.",17,s12720,FALSE,random,0
7/9/04,5,24,the international typographical union has withdrawn the charter from telluride printers’ union for taking part in the deportation of union miners.the “curious” power.,24,s1279,TRUE,keyword,0
7/9/04,5,24,the international typographical union has withdrawn the charter from telluride printers’ union for taking part in the deportation of union miners.the “curious” power.,24,s1279,TRUE,keyword,0
7/9/04,5,24,the international typographical union has withdrawn the charter from telluride printers’ union for taking part in the deportation of union miners.the “curious” power.,24,s1279,TRUE,keyword,0
10/20/00,1,38,"business agent humphrey galla- i gher reported having interviewed several dealers with favorable results, and also some manufacturers, who were seriously considering the matter of making application for the union stamp in the near future.",35,s129,FALSE,random,0
10/15/04,5,38,"the better opinion is that the common law did not include labor | organizations among combinations m [restraint of trade, which were illegal, 'because during the reign of edward vi and george 111. statutes were | enacted which subjected workmen ' conspiring either treduce the time < t labor, or to their wages, to 'punishment and imprisonment.",53,s1337,TRUE,keyword,0
10/15/04,5,38,"the better opinion is that the common law did not include labor | organizations among combinations m [restraint of trade, which were illegal, 'because during the reign of edward vi and george 111. statutes were | enacted which subjected workmen ' conspiring either treduce the time < t labor, or to their wages, to 'punishment and imprisonment.",53,s1337,TRUE,keyword,0
10/15/04,5,38,"combinations of capital, therefore, because danger to the people is inherent in them, are the combinations that the common law* consireded illegal.",22,s1343,TRUE,keyword,0
10/15/04,5,38,"judging from their cyclopean architectural remains, and from the■ -plendid example- of their technique, which is so strikingly displayed in the | specimens obtained, it seems most 1 likely shat they would have kept abreast of the ancient mexicans.— scientific american.the many pitfalls and dangers of wall street.by russell sage.many fortunes are made m wall street every month.",60,s1365,TRUE,keyword,0
10/15/04,5,38,"judging from their cyclopean architectural remains, and from the■ -plendid example- of their technique, which is so strikingly displayed in the | specimens obtained, it seems most 1 likely shat they would have kept abreast of the ancient mexicans.— scientific american.the many pitfalls and dangers of wall street.by russell sage.many fortunes are made m wall street every month.",60,s1365,TRUE,keyword,0
11/12/04,5,42,"if you pay a visit to the convention hall during one or more of the sessions of the federation, you will agree with us that the twenty-fourth annual convention of the american federation of labor compares favorably, both in intelligence and sturdy manhood, with any similar gathering that ever convened in san francisco.",54,s1404,FALSE,random,0
11/12/04,5,42,greedy trusts as well as greedy unions are both pursuing a course which is dangerous and detrimental to the common welfare of the people.,24,s1418,FALSE,random,0
5/20/05,6,17,"«ib ""y mie dcnrinig the present ses- : a bre cfflßpdösing: vestibmles on | xenr york street cars..",16,s1447,FALSE,random,0
6/24/05,6,22,"he disagreed with professor eliot of harvard university, i who declared the non-union man a good type of the american hero, and said that the man who refused to 1 join a union was “a fellow who wanti ed to eat his cake and have it, too.”",48,s1550,FALSE,random,0
10/14/05,6,38,"seventy-five years ago the weavers of lancashire, england, thought they could head off an invasion against their trade at that time.",22,s1696,TRUE,keyword,0
10/14/05,6,38,"seventy-five years ago the weavers of lancashire, england, thought they could head off an invasion against their trade at that time.",22,s1696,TRUE,keyword,0
3/3/00,1,5,she looked at me in astonishment and said: “i am surprised that you would suggest factory work to me; i am a self-respecting girl and wish a ladylike position with fairly good pay.”,34,s17,FALSE,random,0
12/2/05,6,45,"what further information is contained in the “returned papers” may be summed up as follows: the japanese are extremely clannish, one gang” having but little in common with other “gangs” except that' they combine to get employment from the white laborer.",41,s1811,TRUE,keyword,1
12/2/05,6,45,"what further information is contained in the “returned papers” may be summed up as follows: the japanese are extremely clannish, one gang” having but little in common with other “gangs” except that' they combine to get employment from the white laborer.",41,s1811,TRUE,keyword,1
12/2/05,6,45,"what further information is contained in the “returned papers” may be summed up as follows: the japanese are extremely clannish, one gang” having but little in common with other “gangs” except that' they combine to get employment from the white laborer.",41,s1811,TRUE,keyword,1
3/10/06,7,7,"i stand here to declare, and to advise, that we sb»h *taiul upon our right as a sovereign people to legislate for ourselves-with a view, exclusively, or at least primarily, to our own interests as a nation, regardless of how our actions in that matter may affect the interests of any other people in any other country, or even of our own people, who have expatriated themselves to other countries.",72,s1883,FALSE,random,0
3/10/06,7,7,"the american people have no business—the american government has no business—to assume the right to uphold any element, whether that element be clothed in the garb of the church, or be operating under any other auspices, or to any other end—in an effort to compel the people of china, or any other country, to accept teachings which to them are obnoxious or undesirable.",66,s1889,TRUE,keyword,0
3/10/06,7,7,"if we do not make that declaration now, we may find outselves forced to make it under some species of pressure, in a situation of great difficulty, and when we may not be able to secure a fair, impartial hearing among the people of our own country-, or of other countries, and it should be our care to anticipate such a complicated or difficult situation, and to say now, in the calmest and .most mature judgment, just exactly what our position is in this matter of the relations, or the threatened rupture of peaceful and honorable relations, between our own government and the government iff china.",106,s1903,FALSE,random,0
6/6/08,9,23,"customary reports will be tabled and only the “cardinal” and “salient” points, replete with roseate pleasure, will be presented.",19,s2009,TRUE,keyword,0
6/6/08,9,23,"customary reports will be tabled and only the “cardinal” and “salient” points, replete with roseate pleasure, will be presented.",19,s2009,TRUE,keyword,0
6/6/08,9,23,in many respects the russian form of labor organization resembles that of the american unions of the early period of their development.—vladimir v.,24,s2034,FALSE,random,0
6/6/08,9,23,there the finger was placed squarely upon the point of the whole problem of centralization and states rights.,18,s2037,FALSE,random,0
6/6/08,9,23,poultry from texas for less than a cent and a half a pound; beef from western ranges at less than a cent a pound.”,24,s2069,FALSE,random,0
6/6/08,9,23,that the officers of the chicago federation of labor be instructed to request the illinois state f'ederation of labor to call a conference of the centra!,27,s2083,FALSE,random,0
8/1/08,9,31,injunctions as issued against workmen are never used or issued against any other citizen of our country.,17,s2105,FALSE,random,0
8/1/08,9,31,it is an effort to fasten an offense on them when they are innocent of any unlawful or illegal act.,20,s2107,TRUE,keyword,0
8/1/08,9,31,it is an effort to fasten an offense on them when they are innocent of any unlawful or illegal act.,20,s2107,TRUE,keyword,0
8/1/08,9,31,"with our position so often emphasized and so generally known, it is nothing less than willful untruth and misrepresentation for any one to declare that it is our purpose to obtain any special privilege, particularly the undesirable and unenviable liberty of creating a privileged class of wrongdoers.",47,s2126,TRUE,keyword,0
8/1/08,9,31,"this is the man who declared boycotting was illegal, and asked the supreme court to outlawtrade unions in the interests of “law and order.”",24,s2168,TRUE,keyword,0
8/1/08,9,31,"this is the man who declared boycotting was illegal, and asked the supreme court to outlawtrade unions in the interests of “law and order.”",24,s2168,TRUE,keyword,0
4/9/10,11,15,"in the great cities where our civilization has reached its highest development and where extremely rich flaunt their ill-gotten wealth, there the social evil thrives the best.",28,s2261,FALSE,random,0
4/23/10,11,17,"fuller company and whittier-coburn company, calling attention to the settlement reached bv the conference committee april bth, which had been ratified by the glass workers’ union at special meeting april 10th, and advising that all men, in pursuance of the agreement, had returned to work with the exception of the mirror workers; received and referred to the secretary with instructions to notify all parties concerned that the law of the council and the agreement as ratified must be faithfully carried put and lived up to.",86,s2371,FALSE,random,0
5/7/10,11,19,"nicolls is in receipt of letters from every part of the country asking for this investigation, and witnesses from the border states, have signified their willingness to come to washington and testify before a congressional committee as to the systematic persecution, in this country of the political enemies of mexico’s president by the united states officials.",57,s2436,TRUE,keyword,0
5/7/10,11,19,"nicolls is in receipt of letters from every part of the country asking for this investigation, and witnesses from the border states, have signified their willingness to come to washington and testify before a congressional committee as to the systematic persecution, in this country of the political enemies of mexico’s president by the united states officials.",57,s2436,TRUE,keyword,0
5/7/10,11,19,"nicolls is in receipt of letters from every part of the country asking for this investigation, and witnesses from the border states, have signified their willingness to come to washington and testify before a congressional committee as to the systematic persecution, in this country of the political enemies of mexico’s president by the united states officials.",57,s2436,TRUE,keyword,0
5/7/10,11,19,"it is well known that the great mineral belt running thrugh arizona crosses the border into the state of sonora, mexico, and that an economic menace to american miners is fast developing through the starvation wages paid mexican miners, whose product competes with the output of american ore.",48,s2439,TRUE,keyword,1
5/7/10,11,19,"it is well known that the great mineral belt running thrugh arizona crosses the border into the state of sonora, mexico, and that an economic menace to american miners is fast developing through the starvation wages paid mexican miners, whose product competes with the output of american ore.",48,s2439,TRUE,keyword,1
5/7/10,11,19,"this gray-haired woman who has been in the thick of every miners’ struggle for the last thirty years, has lately made a trip along the mexican border where she received at first hand, proofs of the systematic espionage persecution and imprisonment which* continually follows mexican political refugees in this country.",51,s2441,TRUE,keyword,0
5/7/10,11,19,"this gray-haired woman who has been in the thick of every miners’ struggle for the last thirty years, has lately made a trip along the mexican border where she received at first hand, proofs of the systematic espionage persecution and imprisonment which* continually follows mexican political refugees in this country.",51,s2441,TRUE,keyword,0
10/1/10,11,40,"white successor to porter & white undertakers and embalmers 1214 eddy street phone*: west 770 home s-3414 building paper, sheathing deadening felt and ready roofiing zellerbach paper co.",28,s2664,FALSE,random,0
11/11/11,12,45,"naturally, the exposition directors figured tlpat during his absence in asia, and until after the closing of the exposition, the emissary’s newspaper would remain silent to the great issue of undesirable immigration from the countries which he will now visit.",41,s2797,TRUE,keyword,0
11/11/11,12,45,"naturally, the exposition directors figured tlpat during his absence in asia, and until after the closing of the exposition, the emissary’s newspaper would remain silent to the great issue of undesirable immigration from the countries which he will now visit.",41,s2797,TRUE,keyword,0
11/11/11,12,45,"naturally, the exposition directors figured tlpat during his absence in asia, and until after the closing of the exposition, the emissary’s newspaper would remain silent to the great issue of undesirable immigration from the countries which he will now visit.",41,s2797,TRUE,keyword,0
11/11/11,12,45,either his competitor’s standard of comfort must be raised or his own standard of comfort must be lowered.,19,s2821,FALSE,random,0
11/11/11,12,45,"“all that w'e have at the moment to say is that an insidious and subtle system of alien slavery, existing upon california soil to the detriment of california men, is not consistent with the story of the state, with its early ideals, nor with the domestic policy of this nation.",51,s2827,TRUE,keyword,0
11/18/11,12,46,i ventured to suggest that perhaps the boss would not be enthusiastic about their view.,15,s2891,FALSE,random,0
12/23/11,12,51,"president jackson attacked the united states bank as illegal, though the supreme court had decided it legal.",17,s2960,TRUE,keyword,0
2/2/01,2,1,"the student of modern industrial development can sit on the fence and watch the interesting struggle that is beginning between centralized capital and the little middle class and “buckeye” manufacturers, who cling to their insignificant capital like grim death to a dead ethiopian, and who are the hardest fighters to uphold the competitive and wage-slave system by voting for capitalism’s parties and often forcing their employees to do the same.how to make early closing a success.the call directs attention to what is claimed to be the main obstacle to the success of the early-closing movement, which is that while white labor unions pass strong resolutions in its favor, their families persistently do their shopping in the evening, thus offering a premium for doing exactly what the unions denounce.",133,s304,TRUE,keyword,1
3/14/14,15,11,"holmberg, representing the james furlong company, manufacturers of cement trays, appeared before the roard in reply to grievance of sheet metal workers no.",23,s3420,FALSE,random,0
11/13/15,16,46,"rockefeller, on his recent trip to colorado, discovered that the children of the coal camps were not dissimilar to his own.",21,s3873,FALSE,random,0
11/13/15,16,46,"rockefeller’s proposal, it should be remembered that he mistakenly assumes that employes sitting at a table with him will find themselves free and equal.",25,s3875,FALSE,random,0
1/29/16,17,5,"eliza de luce and walter holloway.ja atu x januaa ▼ st* the popular price l& jewelry store 715 market street, near call building, san francisco phone kearny 2017 jewelers, watchmakers, opticians all watch repairing guaranteed for two years.",38,s3981,FALSE,random,0
8/19/16,17,34,"c]j with the present market in such a precarious condition, housewives would do well to take advantage of these offerings.",21,s4050,FALSE,random,0
1/13/17,18,2,"he said that it was in the highest degree unamerican for th; united states to permit an influx of alien immigrants, which would make the process of assimilation and amalgamation of the country’s foreign population more difficult.",38,s4214,TRUE,keyword,0
1/13/17,18,2,"he said that it was in the highest degree unamerican for th; united states to permit an influx of alien immigrants, which would make the process of assimilation and amalgamation of the country’s foreign population more difficult.",38,s4214,TRUE,keyword,0
1/20/17,18,3,"we found that there is a general system in vogue in the check room privileges of hotels and restaurants, and some of the persons holding these privileges operate in the larger cities throughout the united states.",36,s4328,FALSE,random,0
1/20/17,18,3,"the number of other ofllces to be opened depends, however, upon the amount of money approp dated for this purpose and any ac *.’”"" the legislature may take towards |he elimination of the private agencie..",34,s4356,FALSE,random,0
3/16/18,19,11,"there being no further business submitted, the council adjourned to convene in regular session thursday evening, march 14, 1918, at 8 o’clock.",23,s4464,FALSE,random,0
7/24/20,21,30,"but (and this question may well be put to the learning of new england, to the thought of the south) will we add unto our strength by introducing into our country a people alien to our laws, our religion, our traditions, our ideals, our national conceptions —a people with no inclination, no capacity foi self-government.",56,s4967,TRUE,keyword,0
7/24/20,21,30,"but (and this question may well be put to the learning of new england, to the thought of the south) will we add unto our strength by introducing into our country a people alien to our laws, our religion, our traditions, our ideals, our national conceptions —a people with no inclination, no capacity foi self-government.",56,s4967,TRUE,keyword,0
7/24/20,21,30,"but (and this question may well be put to the learning of new england, to the thought of the south) will we add unto our strength by introducing into our country a people alien to our laws, our religion, our traditions, our ideals, our national conceptions —a people with no inclination, no capacity foi self-government.",56,s4967,TRUE,keyword,0
7/24/20,21,30,"but, you men of the south, do you welcome, or will you permit, the invasion?",15,s4977,TRUE,keyword,0
7/24/20,21,30,"but, you men of the south, do you welcome, or will you permit, the invasion?",15,s4977,TRUE,keyword,0
7/24/20,21,30,"but, you men of the south, do you welcome, or will you permit, the invasion?",15,s4977,TRUE,keyword,0
7/24/20,21,30,"but, you men of the south, do you welcome, or will you permit, the invasion?",15,s4977,TRUE,keyword,0
7/24/20,21,30,"but, you men of the south, do you welcome, or will you permit, the invasion?",15,s4977,TRUE,keyword,0
7/24/20,21,30,"the invasion of cheap and servile labor which would overwhelm us if the exclusion bars were let down, would be fraught with an hundredfold more evil to our people than followed the introduction of negro slavery into this country.",39,s4982,TRUE,keyword,0
7/24/20,21,30,"the invasion of cheap and servile labor which would overwhelm us if the exclusion bars were let down, would be fraught with an hundredfold more evil to our people than followed the introduction of negro slavery into this country.",39,s4982,TRUE,keyword,0
7/24/20,21,30,we want no antagonistic races; we want no hostile classes; we want no castes; we want no serfs; we want no beasts of burden; we want no anarchists; we want no aliens incapable of republican government; we want no pagans burning incense to confucius.,44,s4992,TRUE,keyword,0
7/24/20,21,30,we want no antagonistic races; we want no hostile classes; we want no castes; we want no serfs; we want no beasts of burden; we want no anarchists; we want no aliens incapable of republican government; we want no pagans burning incense to confucius.,44,s4992,TRUE,keyword,0
8/2/02,3,27,a rough platform had been built for the purpose and twenty-five yards of carpet ready to lay was in evidence waiting for the skilled and nimble hands.,28,s506,FALSE,random,0
11/20/20,21,47,drury has visited practically all of the steel plants in the united states working under the three-shift system in an effort to collect technical data covering the details of their operation and figures showing the results obtained.,38,s5104,FALSE,random,0
7/21/23,24,29,"it matters not how just the cause may be, it can not succeed in a full measure unless the members are solidly united in hand, mind and heart.",28,s5366,FALSE,random,0
3/3/00,1,5,"the success of the cloakmakers’ union in this fight means sanitary workshops, white labor and fair conditions ; its defeat, sweat shops with their attendant horrors and mongolian labor in the cloakmaking trade.",32,s54,TRUE,keyword,1
3/3/00,1,5,"the success of the cloakmakers’ union in this fight means sanitary workshops, white labor and fair conditions ; its defeat, sweat shops with their attendant horrors and mongolian labor in the cloakmaking trade.",32,s54,TRUE,keyword,1
3/3/00,1,5,"the success of the cloakmakers’ union in this fight means sanitary workshops, white labor and fair conditions ; its defeat, sweat shops with their attendant horrors and mongolian labor in the cloakmaking trade.",32,s54,TRUE,keyword,1
11/17/23,24,46,"to preserve freedomthe idea, of the declaration of independence is that mankind has certain inalienable rights, and among these are the rights of life, liberty and the pursuit of happiness.",30,s5581,TRUE,keyword,0
5/24/24,25,21,"elythe so-called “american plan,” branded as “illegal” by the federal courts, was repudiated at the polls by the law-abiding citizens of san jose at the municipal election held in that city last tuesday.",35,s5741,TRUE,keyword,0
5/24/24,25,21,"elythe so-called “american plan,” branded as “illegal” by the federal courts, was repudiated at the polls by the law-abiding citizens of san jose at the municipal election held in that city last tuesday.",35,s5741,TRUE,keyword,0
5/24/24,25,21,"bigger, member of carpenters’ union, no. 316, of san jose, a consistent, aggressive trade unionist, representative of the law-abiding, american citizenry of san jose, was found to be elected by a handsome majority over the candidate of the industrial association, which for three years past has been engaged in an illegal conspiracy against labor, the public and the united states government.",62,s5744,TRUE,keyword,0
5/24/24,25,21,"bigger, member of carpenters’ union, no. 316, of san jose, a consistent, aggressive trade unionist, representative of the law-abiding, american citizenry of san jose, was found to be elected by a handsome majority over the candidate of the industrial association, which for three years past has been engaged in an illegal conspiracy against labor, the public and the united states government.",62,s5744,TRUE,keyword,0
5/24/24,25,21,"given this opportunity, the law-abiding citizens of san jose, by r hfg reuijority vote, repudiated the illegal, socalled “american plan,” and cast their ballots for the labor candidate, who stands for real americanism.",34,s5746,TRUE,keyword,0
5/24/24,25,21,"given this opportunity, the law-abiding citizens of san jose, by r hfg reuijority vote, repudiated the illegal, socalled “american plan,” and cast their ballots for the labor candidate, who stands for real americanism.",34,s5746,TRUE,keyword,0
5/24/24,25,21,"given this opportunity, the law-abiding citizens of san jose, by r hfg reuijority vote, repudiated the illegal, socalled “american plan,” and cast their ballots for the labor candidate, who stands for real americanism.",34,s5746,TRUE,keyword,0
8/23/24,25,34,"one afternoon, as she was running down the brush-bordered lane which was the last of her route, the child saw what appeared to be a very strange animal with downbent head and terrifying horns.",35,s5787,TRUE,keyword,0
10/18/02,3,38,"the little more than 3,000,000 colonists rose in rebellion and gave tl.e world that magnificent sentiment which will ring down through all the ages that all men are born free and equal and to each is vouchsafed the inalienable right to enjoy life, liberty and the pursuit of happiness.",52,s593,TRUE,keyword,0
5/29/26,27,22,"labor-saving machinery may be installed, but employees are denied any share in this increased efficiency, while rigid living standards are based on government statistics.",25,s6003,FALSE,random,0
4/2/27,28,14,"the company produced 9,070,873 tons of coal in 1924, but output has declined since then.",17,s6215,FALSE,random,0
4/16/27,28,16,"the union is formed with a nominal capital stock, and only members may participate in the organization.",17,s6293,FALSE,random,0
5/7/27,28,19,"campbell, who was murdered last october, took the witness stand and identified madsen and pesce as two members of the party who attacked campbell, his testimony was discredited when it was shown that coyle, in testifying before the grand jury last october said that he could not identify any members of the attacking party because he was in a dazed condition, his glasses were blurred and the men were running away from him.",73,s6356,FALSE,random,0
5/14/27,28,20,"much of what labor has long regarded as its inalienable possession is now being torn from it, or will, its adversaries hope, soon be torn from it.",27,s6430,TRUE,keyword,0
5/14/27,28,20,"much of what labor has long regarded as its inalienable possession is now being torn from it, or will, its adversaries hope, soon be torn from it.",27,s6430,TRUE,keyword,0
6/18/27,28,25,the very lawyers who have been the loudest in demanding this “self-governing bar” are the ones who have also been most active in denouncing the “illegal and un-american” tactics of the labor unions.,35,s6513,TRUE,keyword,0
6/18/27,28,25,the very lawyers who have been the loudest in demanding this “self-governing bar” are the ones who have also been most active in denouncing the “illegal and un-american” tactics of the labor unions.,35,s6513,TRUE,keyword,0
6/18/27,28,25,the very lawyers who have been the loudest in demanding this “self-governing bar” are the ones who have also been most active in denouncing the “illegal and un-american” tactics of the labor unions.,35,s6513,TRUE,keyword,0
7/2/27,28,27,"it is the extra quality that we can put into our shirts because we make therm that has made eagleson & co. famous for its one shirts, and enables us to guarantee every one unconditionally.",34,s6601,FALSE,random,0
12/10/27,28,50,"while the number continues to be as large as] formerly, the character has changed during past years, there being, because of the better control abroad, fewer exclusion cases, but the warrant cases have greatly increased by reason of the many aliens found unlawfully in the united states against whom deportation proceedings are instituted.",53,s6672,TRUE,keyword,1
12/10/27,28,50,"while the number continues to be as large as] formerly, the character has changed during past years, there being, because of the better control abroad, fewer exclusion cases, but the warrant cases have greatly increased by reason of the many aliens found unlawfully in the united states against whom deportation proceedings are instituted.",53,s6672,TRUE,keyword,1
12/10/27,28,50,"while the number continues to be as large as] formerly, the character has changed during past years, there being, because of the better control abroad, fewer exclusion cases, but the warrant cases have greatly increased by reason of the many aliens found unlawfully in the united states against whom deportation proceedings are instituted.",53,s6672,TRUE,keyword,1
12/10/27,28,50,"cases reviewed under the system of review which has been devised for purpose of checking and safeguarding the legal rights of aliens who are excluded at the ports and appeal to the secretary of labor, and aliens; for whom warrants of arrest after entry are issued, 32,970 cases were j reviewed and decisions rendered during the past year.",59,s6673,TRUE,keyword,1
12/10/27,28,50,"cases reviewed under the system of review which has been devised for purpose of checking and safeguarding the legal rights of aliens who are excluded at the ports and appeal to the secretary of labor, and aliens; for whom warrants of arrest after entry are issued, 32,970 cases were j reviewed and decisions rendered during the past year.",59,s6673,TRUE,keyword,1
12/10/27,28,50,"in other words, the cases of approximately 5000 aliens were passed upon in the the average month, nearly two hundred every working day.",23,s6674,TRUE,keyword,0
12/10/27,28,50,"for instance, in the case of an alien ordered deported because convicted of crime and sentenced to a year or more in the penitentiary, if after the deportation is ordered and before execution a complete pardon is received from the governor of the state under whose law he was; convicted, the case would be reopened, thus getting into the record; of cases reviewed a second time.",66,s6676,TRUE,keyword,1
12/10/27,28,50,"the following table, however, is enlightening: cases handled by board of review number of cases reviewed and decisions written 32,970 number of aliens involved 59,882 number of oral hearings by the board 1,826 accompanying aliens 139 actors 1,092 alien contract labor 21,062 anarchists, cpmmunists, i.",50,s6677,TRUE,keyword,0
12/10/27,28,50,"the following table, however, is enlightening: cases handled by board of review number of cases reviewed and decisions written 32,970 number of aliens involved 59,882 number of oral hearings by the board 1,826 accompanying aliens 139 actors 1,092 alien contract labor 21,062 anarchists, cpmmunists, i.",50,s6677,TRUE,keyword,0
12/10/27,28,50,"the following table, however, is enlightening: cases handled by board of review number of cases reviewed and decisions written 32,970 number of aliens involved 59,882 number of oral hearings by the board 1,826 accompanying aliens 139 actors 1,092 alien contract labor 21,062 anarchists, cpmmunists, i.",50,s6677,TRUE,keyword,0
12/10/27,28,50,"the following table, however, is enlightening: cases handled by board of review number of cases reviewed and decisions written 32,970 number of aliens involved 59,882 number of oral hearings by the board 1,826 accompanying aliens 139 actors 1,092 alien contract labor 21,062 anarchists, cpmmunists, i.",50,s6677,TRUE,keyword,0
12/10/27,28,50,"w., etc 52 assisted aliens 337 barred zone 100 children under 16, unaccompanied 215' crimes involving moral turpitude (burglary, felony, forgery, grand larceny, murder, perjury, robbery, smuggling, etc.)",28,s6678,TRUE,keyword,0
12/10/27,28,50,"w., etc 52 assisted aliens 337 barred zone 100 children under 16, unaccompanied 215' crimes involving moral turpitude (burglary, felony, forgery, grand larceny, murder, perjury, robbery, smuggling, etc.)",28,s6678,TRUE,keyword,0
12/10/27,28,50,"the man who neglects the union label in his buying is giving aid and comfort to the enemy.number of aliens naturilized increasesduring the past fiscal year, said james j.",30,s6685,TRUE,keyword,0
12/10/27,28,50,"there were, however, 10,165 applications on | file in the bureau from aliens desiring to make declarations of indention which were under investigation at the end of the year.",29,s6688,TRUE,keyword,0
12/17/27,28,51,the injunction is used to make the union illegal and to outlaw its activity by judicial decree —to penalize through equity procedure acts and agencies that are legal according to law as enacted by our law-making bodies.,38,s6791,TRUE,keyword,0
12/17/27,28,51,the injunction is used to make the union illegal and to outlaw its activity by judicial decree —to penalize through equity procedure acts and agencies that are legal according to law as enacted by our law-making bodies.,38,s6791,TRUE,keyword,0
12/17/27,28,51,the injunction is used to make the union illegal and to outlaw its activity by judicial decree —to penalize through equity procedure acts and agencies that are legal according to law as enacted by our law-making bodies.,38,s6791,TRUE,keyword,0
3/3/28,29,9,these men are telling our senators and representatives in washington that there is a scarcity of labor here and that the mexicans are needed to do the necessary work in san francisco and california.,34,s6824,TRUE,keyword,0
3/3/28,29,9,these men are telling our senators and representatives in washington that there is a scarcity of labor here and that the mexicans are needed to do the necessary work in san francisco and california.,34,s6824,TRUE,keyword,0
3/3/28,29,9,"during the hearing before the blouse committee on immigration it developed that there are already in california approximately 1,000,000 mexicans, the majority of them in the large cities like san francisco and los angeles; that the majority of them are objects of public charity; that 25 per cent of the white inmates of san quentin penitentiary are mexicans, and that 25 per cent of all the crimes committed in california are committed by mexicans.",76,s6827,TRUE,keyword,0
3/3/28,29,9,"during the hearing before the blouse committee on immigration it developed that there are already in california approximately 1,000,000 mexicans, the majority of them in the large cities like san francisco and los angeles; that the majority of them are objects of public charity; that 25 per cent of the white inmates of san quentin penitentiary are mexicans, and that 25 per cent of all the crimes committed in california are committed by mexicans.",76,s6827,TRUE,keyword,0
3/3/28,29,9,"during the hearing before the blouse committee on immigration it developed that there are already in california approximately 1,000,000 mexicans, the majority of them in the large cities like san francisco and los angeles; that the majority of them are objects of public charity; that 25 per cent of the white inmates of san quentin penitentiary are mexicans, and that 25 per cent of all the crimes committed in california are committed by mexicans.",76,s6827,TRUE,keyword,0
12/29/28,29,52,"the passage of this amendment, it is asserted, would remedy difficulties often encountered by deputies of the division when they endeavor to ascertain the number of hours worked by men on public work where overtime is reported to have been worked in violation of the law.",46,s7024,FALSE,random,0
12/7/29,30,49,"the increased productivity of the workers has increased 52 per cent during the ten-year period ending in the year 1929, while the increase in earnings amounts to 18 per cent for the same period.",35,s7126,FALSE,random,0
5/31/30,31,22,the campaign now under way first got its impetus from the work of president frank c.,16,s7204,FALSE,random,0
5/31/30,31,22,there is no law that prevents their patrons from going to these stock gambling marts at any hour they desire.,20,s7229,FALSE,random,0
5/16/31,32,20,"“we have no right to interfere with the kind of government set up in any foreign land, but we resent any alien interference with our own domestic institutions.",28,s7336,TRUE,keyword,0
8/22/31,32,34,"we further propose that a plan of stabilization of industry, of economic planning, of a thorough, definite and accurate survey of economic needs and of the actual adjustment in working time reqiired in order to supply all with an opportunity to work be formulated and put into effect.""",48,s7370,FALSE,random,0
1/3/03,3,49,"the entrance to this ideal place is through a road lined with stately palms, bordered by magnificent roses and orange trees, thence into a large eucalyptus grove, under which grow a multitude of rare flowers and shrubs.",37,s750,TRUE,keyword,0
1/3/03,3,49,"the entrance to this ideal place is through a road lined with stately palms, bordered by magnificent roses and orange trees, thence into a large eucalyptus grove, under which grow a multitude of rare flowers and shrubs.",37,s750,TRUE,keyword,0
1/30/32,33,5,"take therefore the talent from him, and give it unto him which hath ten talents.’",15,s7508,FALSE,random,0
1/3/03,3,49,"fountains, borders, walks, shady nooks, vineclad trees and houses all go to make a picture as restful as it is beautiful.",21,s751,TRUE,keyword,0
1/3/03,3,49,"fountains, borders, walks, shady nooks, vineclad trees and houses all go to make a picture as restful as it is beautiful.",21,s751,TRUE,keyword,0
1/3/03,3,49,"fountains, borders, walks, shady nooks, vineclad trees and houses all go to make a picture as restful as it is beautiful.",21,s751,TRUE,keyword,0
1/14/33,34,2,good of the council matters of general interest to organized labor were discussed by several delegates. .,16,s7755,FALSE,random,0
2/21/03,4,4,"barnhard, of the building trades council of san joaquin county reported that everything was moving along nicely in his territory.",20,s796,FALSE,random,0
4/1/33,34,13,douglas shoe company was founded by a man with one idea: to sell his customers shoes giving the greatest possible value at the lowest possible price.,26,s7974,FALSE,random,0
5/27/33,34,21,a half day or a day knocked off the week revolutionizes the living ways of people.,16,s7997,FALSE,random,0
4/7/34,35,14,the work is intended to save millions of acres of fertile land from being transformed into washes by the invasion of gullies bearing water streams which strip the soil.,29,s8066,TRUE,keyword,0
4/7/34,35,14,the work is intended to save millions of acres of fertile land from being transformed into washes by the invasion of gullies bearing water streams which strip the soil.,29,s8066,TRUE,keyword,0
7/14/34,35,28,they have done numerous other things as an association and an organization for their own benefit and advancement.,18,s8203,FALSE,random,0
2/9/35,36,6,"over forty public bodies were notified of commissioner nolan’s stand that such classifications are illegal in california and not one has failed to cooperate in preserving california standards and rules of fair competition in this regard, the commissioner announced.",40,s8291,TRUE,keyword,0
2/9/35,36,6,"over forty public bodies were notified of commissioner nolan’s stand that such classifications are illegal in california and not one has failed to cooperate in preserving california standards and rules of fair competition in this regard, the commissioner announced.",40,s8291,TRUE,keyword,0
2/9/35,36,6,"president roosevelt advised him that he has placed the matter before the federal emergency administrator of public works for consideration and protests have been pouring in to washington from all quarters against this order since the commissioner so forcefully called the attention of all involved to what it will mean to organized labor throughout the country if this order is allowed to continue in force with its illegal and unconstitutional discrimination against union contractors, who will be effectively barred from receiving any public works contracts so long as the order remains in force, as they cannot meet the competition of “open shop” contractors who are permitted under it to hire as many as four “rough carpenters,” “assistants” or “helpers” to one carpenter.",122,s8293,TRUE,keyword,0
6/22/35,36,25,"there is no question , that the communists are back of the move to oust scharrenberg.",15,s8350,FALSE,random,0
7/6/35,36,27,"he recommended that we endorse the agreement with the reservation that such sections as may be illegal or which may contain provisions that are not acceptable, be corrected.",28,s8383,TRUE,keyword,0
2/13/37,38,7,"when the employes of general motors exercised their legal right to strike against the illegal anti-union discriminations so long practiced by the corporation, against wholesale discharges for union activity and against denial of their collective bargaining rights —then general motors’ defiance of american institutions turned to outright hostility.",49,s8564,TRUE,keyword,0
2/13/37,38,7,"it has instigated the organization of extralegal strikebreaking, vigilante groups such as the flint alliance and the citizens’ league of anderson, resulting in illegal violence against the unionists and denial of their rights of free speech and assemblage.",38,s8568,TRUE,keyword,0
2/13/37,38,7,"it has instigated the organization of extralegal strikebreaking, vigilante groups such as the flint alliance and the citizens’ league of anderson, resulting in illegal violence against the unionists and denial of their rights of free speech and assemblage.",38,s8568,TRUE,keyword,0
9/17/38,39,38,"non-partisan political policy in securing protective legislation were nullified by court decisions and injunctions outlawing strikes and holding that agreements between unions and employers were conspiracies in restraint of trade, and consequently illegal under the anti-trust laws.",39,s8765,TRUE,keyword,0
9/17/38,39,38,additional guarantees against alien sounds are lead-lined doors that weigh t>oo pounds apiece and two-inch pads of fibre glass in the walls and ceilings.,27,s8784,TRUE,keyword,0
7/15/39,40,28,"hesketh dies; was high official of hotel and restaurant employees’ unioncincinnati, ohio.—robert bruce hesketh, general secretarytreasurer of the hotel and resturant employees’ international alliance and bartenders’ international league of america, died here july 3 at the age of 69.",40,s8825,FALSE,random,0
7/15/39,40,28,"f. of l. wings of the united automobile workers.millions of youths unable to find jobsbetween 5,000,000 and 6,000,000 young people, between the ages of 16 and 24 years, who are out of school, are seeking employment and unable to find it.",46,s8864,FALSE,random,0
7/15/39,40,28,"entered at the postofflce at san francisco, calif., on august 20, 1901. as ••cond-class rnatter.",16,s8869,FALSE,random,0
5/30/03,4,18,it is the order of the council that the penalty for violation of this law be strictly enforced.,18,s891,FALSE,random,0
4/12/41,42,15,new business the business representative of the council stated that a communication has been received from the labor commissioners office stating that in as much as the a-l contracting company paid all back wages that they did not wish to prosecute through the courts.,45,s9271,FALSE,random,0
10/31/42,43,44,the fight has reached the stage where no amount of reasoning will have any influence over the actions of these ruthless advocates of nazi rule for california.,27,s9404,FALSE,random,0
5/15/43,44,20,"tobriner, submitting his bill in the amount of $250.00 for legal services rendered re united states of america vs.",20,s9611,FALSE,random,0
5/15/43,44,20,"henry as supervisor of the state labor commissioner’s san francisco cornels”*'* office was announced today by paul scharrenberg, f industrial relations.",22,s9645,FALSE,random,0
7/8/44,45,28,"grimmer evidence still were the stiffened bodies of dead american youths who advanced into the deadly fire of the defending nazis casualties during the first eleven days of the invasion amounted to more than 3,000 americans killed and more than 12,000 wounded.",44,s9755,TRUE,keyword,0
7/8/44,45,28,"grimmer evidence still were the stiffened bodies of dead american youths who advanced into the deadly fire of the defending nazis casualties during the first eleven days of the invasion amounted to more than 3,000 americans killed and more than 12,000 wounded.",44,s9755,TRUE,keyword,0
11/25/44,45,47,"uso camp shows also provide recreational and welfare services in this country, setting up travelers aid desks, hospital show units, hospitality houses and mobile services.",25,s9851,FALSE,random,0
11/25/44,45,47,"to american prisoners of war (proud, american boys, accustomed to limitless freedom to think, to act) the monotony is almost unbearable.",21,s9852,FALSE,random,0
6/16/45,46,24,employers who are found to be in violation of the wage stabilization act are subject to disallowance in computing their costs for income tax purposes of the entire illegal payroll and not merely the amount of the improper overpayment.,39,s9951,TRUE,keyword,0
6/16/45,46,24,employers who are found to be in violation of the wage stabilization act are subject to disallowance in computing their costs for income tax purposes of the entire illegal payroll and not merely the amount of the improper overpayment.,39,s9951,TRUE,keyword,0